Statement,Correct,n,Fasttext.started_mean,Fasttext.started_raw,Fasttext.started_std,Fasttext.stopped_raw,Timer.started_raw,Timer.stopped_raw,fixcross.started_mean,fixcross.started_raw,fixcross.started_std,fixcross.stopped_mean,fixcross.stopped_raw,fixcross.stopped_std,key_resp.corr_mean,key_resp.corr_raw,key_resp.corr_std,key_resp.keys_raw,key_resp.rt_mean,key_resp.rt_raw,key_resp.rt_std,key_resp.started_mean,key_resp.started_raw,key_resp.started_std,key_resp.stopped_raw,order
A minute is infinite,i,1.0,25.162195205688477,25.162195205688477,0.0,,,,24.679656982421875,24.679656982421875,0.0,25.180145263671875,25.180145263671875,0.0,0.0,0.0,0.0,'e',0.6941770911216736,0.6941770911216736,0.0,25.162195205688477,25.162195205688477,0.0,,0.0
Space has an end,i,1.0,27.34626007080078,27.34626007080078,0.0,,30.33035766604589,,26.863479614257812,26.863479614257812,0.0,27.363656997680664,27.363656997680664,0.0,0.0,0.0,0.0,'e',3.5943338871002197,3.5943338871002197,0.0,27.34626007080078,27.34626007080078,0.0,,2.0
Time  goes on forever,e,1.0,26.379411697387695,26.379411697387695,0.0,,,,25.895227432250977,25.895227432250977,0.0,26.395587921142578,26.395587921142578,0.0,1.0,1.0,0.0,'e',0.44698646664619446,0.44698646664619446,0.0,26.379411697387695,26.379411697387695,0.0,,1.0
Numbers are finite,i,1.0,31.446840286254883,31.446840286254883,0.0,36.447393688955344,34.44670517001068,,30.964200973510742,30.964200973510742,0.0,31.463462829589844,31.463462829589844,0.0,0.0,0.0,0.0,,,,,31.446840286254883,31.446840286254883,0.0,,3.0
An inch cannot go on forever,e,1.0,37.43087387084961,37.43087387084961,0.0,,,,36.94750213623047,36.94750213623047,0.0,37.447471618652344,37.447471618652344,0.0,0.0,0.0,0.0,'i',0.8694548606872559,0.8694548606872559,0.0,37.43087387084961,37.43087387084961,0.0,36.947501883958466,4.0

extraInfo
participant,0
session,001
date,2021_Nov_20_1200
expName,InfinityThesisTest5
psychopyVersion,2021.2.3
frameRate,60.13983038506363
